Workbook

Sheet README
A1: RM Pipeline Template
A4: How to use | B4: Each RM has their own tab (named with your initial + last name). Fill in only your tab. Submit the workbook when ready and the dashboard will refresh.
A5: Tabs | B5: README · Summary (auto-calculated rollup) · one tab per RM. Lookup is hidden — leave it alone.
A7: Required | B7: Customer · Product · Stage · Amount · Date Entered Stage
A8: Auto-filled | B8: Probability (from Stage), Days in Stage (from date), Annual Rev (from Product+Amount), Weighted Rev (Annual × Probability). Cells with these formulas are light blue.
A9: Overriding | B9: Probability auto-fills from Stage, but you can type a number over the formula if your judgment differs.
A11: Products | B11: Comm Loan · Deposits · Treasury Mgmt · Other Fees
A12: Stages (prob) | B12: Lead (10%) · Qualified (25%) · Proposal (50%) · Commit (80%) · Closed (100%)
A14: Amount units | B14: Comm Loan / Deposits = loan or deposit balance in dollars. Treasury Mgmt / Other Fees = annual fee revenue in dollars.
A15: Annual rev | B15: For loans/deposits, Annual Rev = Amount × spread (3.4% commercial loan, 0.5% deposit). For TM/Other, Annual Rev = Amount as entered.
A16: Closed deals | B16: Mark Stage = Closed when funded/booked. Closed deals count toward Closed YTD on the dashboard but are excluded from open pipeline.
A18: Aging colors | B18: Days in Stage > 90 highlight red; 61-90 amber. Use these to triage stuck deals.
A19: Notes column | B19: Free text. Use it for things the columns don't capture (credit conditions, RM commentary, blockers).

Sheet Summary
A1: Pipeline Summary (auto-calculated)
A2: RM | B2: Market | C2: # Open Deals | D2: Total Balance ($) | E2: Annual Rev ($) | F2: Weighted Rev ($) | G2: Closed YTD ($)
A3: M. Reyes | B3: Houston | C3: =COUNTIFS('M. Reyes'!C3:C32,"<>",'M. Reyes'!C3:C32,"<>Closed") | D3: =SUMIFS('M. Reyes'!D3:D32,'M. Reyes'!C3:C32,"<>Closed",'M. Reyes'!C3:C32,"<>") | E3: =SUMIFS('M. Reyes'!I3:I32,'M. Reyes'!C3:C32,"<>Closed",'M. Reyes'!C3:C32,"<>") | F3: =SUMIFS('M. Reyes'!J3:J32,'M. Reyes'!C3:C32,"<>Closed",'M. Reyes'!C3:C32,"<>") | G3: =SUMIFS('M. Reyes'!I3:I32,'M. Reyes'!C3:C32,"Closed")
A4: D. Patel | B4: Houston | C4: =COUNTIFS('D. Patel'!C3:C32,"<>",'D. Patel'!C3:C32,"<>Closed") | D4: =SUMIFS('D. Patel'!D3:D32,'D. Patel'!C3:C32,"<>Closed",'D. Patel'!C3:C32,"<>") | E4: =SUMIFS('D. Patel'!I3:I32,'D. Patel'!C3:C32,"<>Closed",'D. Patel'!C3:C32,"<>") | F4: =SUMIFS('D. Patel'!J3:J32,'D. Patel'!C3:C32,"<>Closed",'D. Patel'!C3:C32,"<>") | G4: =SUMIFS('D. Patel'!I3:I32,'D. Patel'!C3:C32,"Closed")
A5: A. Tran | B5: Houston | C5: =COUNTIFS('A. Tran'!C3:C32,"<>",'A. Tran'!C3:C32,"<>Closed") | D5: =SUMIFS('A. Tran'!D3:D32,'A. Tran'!C3:C32,"<>Closed",'A. Tran'!C3:C32,"<>") | E5: =SUMIFS('A. Tran'!I3:I32,'A. Tran'!C3:C32,"<>Closed",'A. Tran'!C3:C32,"<>") | F5: =SUMIFS('A. Tran'!J3:J32,'A. Tran'!C3:C32,"<>Closed",'A. Tran'!C3:C32,"<>") | G5: =SUMIFS('A. Tran'!I3:I32,'A. Tran'!C3:C32,"Closed")
A6: K. Williams | B6: Houston | C6: =COUNTIFS('K. Williams'!C3:C32,"<>",'K. Williams'!C3:C32,"<>Closed") | D6: =SUMIFS('K. Williams'!D3:D32,'K. Williams'!C3:C32,"<>Closed",'K. Williams'!C3:C32,"<>") | E6: =SUMIFS('K. Williams'!I3:I32,'K. Williams'!C3:C32,"<>Closed",'K. Williams'!C3:C32,"<>") | F6: =SUMIFS('K. Williams'!J3:J32,'K. Williams'!C3:C32,"<>Closed",'K. Williams'!C3:C32,"<>") | G6: =SUMIFS('K. Williams'!I3:I32,'K. Williams'!C3:C32,"Closed")
A7: R. Chen | B7: Dallas | C7: =COUNTIFS('R. Chen'!C3:C32,"<>",'R. Chen'!C3:C32,"<>Closed") | D7: =SUMIFS('R. Chen'!D3:D32,'R. Chen'!C3:C32,"<>Closed",'R. Chen'!C3:C32,"<>") | E7: =SUMIFS('R. Chen'!I3:I32,'R. Chen'!C3:C32,"<>Closed",'R. Chen'!C3:C32,"<>") | F7: =SUMIFS('R. Chen'!J3:J32,'R. Chen'!C3:C32,"<>Closed",'R. Chen'!C3:C32,"<>") | G7: =SUMIFS('R. Chen'!I3:I32,'R. Chen'!C3:C32,"Closed")
A8: S. Garcia | B8: Dallas | C8: =COUNTIFS('S. Garcia'!C3:C32,"<>",'S. Garcia'!C3:C32,"<>Closed") | D8: =SUMIFS('S. Garcia'!D3:D32,'S. Garcia'!C3:C32,"<>Closed",'S. Garcia'!C3:C32,"<>") | E8: =SUMIFS('S. Garcia'!I3:I32,'S. Garcia'!C3:C32,"<>Closed",'S. Garcia'!C3:C32,"<>") | F8: =SUMIFS('S. Garcia'!J3:J32,'S. Garcia'!C3:C32,"<>Closed",'S. Garcia'!C3:C32,"<>") | G8: =SUMIFS('S. Garcia'!I3:I32,'S. Garcia'!C3:C32,"Closed")
A9: B. Foster | B9: Dallas | C9: =COUNTIFS('B. Foster'!C3:C32,"<>",'B. Foster'!C3:C32,"<>Closed") | D9: =SUMIFS('B. Foster'!D3:D32,'B. Foster'!C3:C32,"<>Closed",'B. Foster'!C3:C32,"<>") | E9: =SUMIFS('B. Foster'!I3:I32,'B. Foster'!C3:C32,"<>Closed",'B. Foster'!C3:C32,"<>") | F9: =SUMIFS('B. Foster'!J3:J32,'B. Foster'!C3:C32,"<>Closed",'B. Foster'!C3:C32,"<>") | G9: =SUMIFS('B. Foster'!I3:I32,'B. Foster'!C3:C32,"Closed")
A10: TOTAL | C10: =SUM(C3:C9) | D10: =SUM(D3:D9) | E10: =SUM(E3:E9) | F10: =SUM(F3:F9) | G10: =SUM(G3:G9)

Sheet M. Reyes
A1: M. Reyes · Houston · Pipeline
A2: Customer | B2: Product | C2: Stage | D2: Amount ($) | E2: Probability | F2: Date Entered Stage | G2: Days in Stage | H2: Expected Close | I2: Annual Rev ($) | J2: Weighted Rev ($) | K2: Notes
E3: =IF(C3="","",VLOOKUP(C3,Lookup!$D$2:$E$6,2,FALSE)) | G3: =IF(F3="","",TODAY()-F3) | I3: =IF(OR(B3="",D3=""),"",D3*VLOOKUP(B3,Lookup!$A$2:$B$5,2,FALSE)) | J3: =IF(OR(I3="",E3=""),"",I3*E3)
E4: =IF(C4="","",VLOOKUP(C4,Lookup!$D$2:$E$6,2,FALSE)) | G4: =IF(F4="","",TODAY()-F4) | I4: =IF(OR(B4="",D4=""),"",D4*VLOOKUP(B4,Lookup!$A$2:$B$5,2,FALSE)) | J4: =IF(OR(I4="",E4=""),"",I4*E4)
E5: =IF(C5="","",VLOOKUP(C5,Lookup!$D$2:$E$6,2,FALSE)) | G5: =IF(F5="","",TODAY()-F5) | I5: =IF(OR(B5="",D5=""),"",D5*VLOOKUP(B5,Lookup!$A$2:$B$5,2,FALSE)) | J5: =IF(OR(I5="",E5=""),"",I5*E5)
E6: =IF(C6="","",VLOOKUP(C6,Lookup!$D$2:$E$6,2,FALSE)) | G6: =IF(F6="","",TODAY()-F6) | I6: =IF(OR(B6="",D6=""),"",D6*VLOOKUP(B6,Lookup!$A$2:$B$5,2,FALSE)) | J6: =IF(OR(I6="",E6=""),"",I6*E6)
E7: =IF(C7="","",VLOOKUP(C7,Lookup!$D$2:$E$6,2,FALSE)) | G7: =IF(F7="","",TODAY()-F7) | I7: =IF(OR(B7="",D7=""),"",D7*VLOOKUP(B7,Lookup!$A$2:$B$5,2,FALSE)) | J7: =IF(OR(I7="",E7=""),"",I7*E7)
E8: =IF(C8="","",VLOOKUP(C8,Lookup!$D$2:$E$6,2,FALSE)) | G8: =IF(F8="","",TODAY()-F8) | I8: =IF(OR(B8="",D8=""),"",D8*VLOOKUP(B8,Lookup!$A$2:$B$5,2,FALSE)) | J8: =IF(OR(I8="",E8=""),"",I8*E8)
E9: =IF(C9="","",VLOOKUP(C9,Lookup!$D$2:$E$6,2,FALSE)) | G9: =IF(F9="","",TODAY()-F9) | I9: =IF(OR(B9="",D9=""),"",D9*VLOOKUP(B9,Lookup!$A$2:$B$5,2,FALSE)) | J9: =IF(OR(I9="",E9=""),"",I9*E9)
E10: =IF(C10="","",VLOOKUP(C10,Lookup!$D$2:$E$6,2,FALSE)) | G10: =IF(F10="","",TODAY()-F10) | I10: =IF(OR(B10="",D10=""),"",D10*VLOOKUP(B10,Lookup!$A$2:$B$5,2,FALSE)) | J10: =IF(OR(I10="",E10=""),"",I10*E10)
E11: =IF(C11="","",VLOOKUP(C11,Lookup!$D$2:$E$6,2,FALSE)) | G11: =IF(F11="","",TODAY()-F11) | I11: =IF(OR(B11="",D11=""),"",D11*VLOOKUP(B11,Lookup!$A$2:$B$5,2,FALSE)) | J11: =IF(OR(I11="",E11=""),"",I11*E11)
E12: =IF(C12="","",VLOOKUP(C12,Lookup!$D$2:$E$6,2,FALSE)) | G12: =IF(F12="","",TODAY()-F12) | I12: =IF(OR(B12="",D12=""),"",D12*VLOOKUP(B12,Lookup!$A$2:$B$5,2,FALSE)) | J12: =IF(OR(I12="",E12=""),"",I12*E12)
E13: =IF(C13="","",VLOOKUP(C13,Lookup!$D$2:$E$6,2,FALSE)) | G13: =IF(F13="","",TODAY()-F13) | I13: =IF(OR(B13="",D13=""),"",D13*VLOOKUP(B13,Lookup!$A$2:$B$5,2,FALSE)) | J13: =IF(OR(I13="",E13=""),"",I13*E13)
E14: =IF(C14="","",VLOOKUP(C14,Lookup!$D$2:$E$6,2,FALSE)) | G14: =IF(F14="","",TODAY()-F14) | I14: =IF(OR(B14="",D14=""),"",D14*VLOOKUP(B14,Lookup!$A$2:$B$5,2,FALSE)) | J14: =IF(OR(I14="",E14=""),"",I14*E14)
... E32: =IF(C32="","",VLOOKUP(C32,Lookup!$D$2:$E$6,2,FALSE)) | G32: =IF(F32="","",TODAY()-F32) | I32: =IF(OR(B32="",D32=""),"",D32*VLOOKUP(B32,Lookup!$A$2:$B$5,2,FALSE)) | J32: =IF(OR(I32="",E32=""),"",I32*E32)

Sheet D. Patel
A1: D. Patel · Houston · Pipeline
A2: Customer | B2: Product | C2: Stage | D2: Amount ($) | E2: Probability | F2: Date Entered Stage | G2: Days in Stage | H2: Expected Close | I2: Annual Rev ($) | J2: Weighted Rev ($) | K2: Notes
E3: =IF(C3="","",VLOOKUP(C3,Lookup!$D$2:$E$6,2,FALSE)) | G3: =IF(F3="","",TODAY()-F3) | I3: =IF(OR(B3="",D3=""),"",D3*VLOOKUP(B3,Lookup!$A$2:$B$5,2,FALSE)) | J3: =IF(OR(I3="",E3=""),"",I3*E3)
E4: =IF(C4="","",VLOOKUP(C4,Lookup!$D$2:$E$6,2,FALSE)) | G4: =IF(F4="","",TODAY()-F4) | I4: =IF(OR(B4="",D4=""),"",D4*VLOOKUP(B4,Lookup!$A$2:$B$5,2,FALSE)) | J4: =IF(OR(I4="",E4=""),"",I4*E4)
E5: =IF(C5="","",VLOOKUP(C5,Lookup!$D$2:$E$6,2,FALSE)) | G5: =IF(F5="","",TODAY()-F5) | I5: =IF(OR(B5="",D5=""),"",D5*VLOOKUP(B5,Lookup!$A$2:$B$5,2,FALSE)) | J5: =IF(OR(I5="",E5=""),"",I5*E5)
E6: =IF(C6="","",VLOOKUP(C6,Lookup!$D$2:$E$6,2,FALSE)) | G6: =IF(F6="","",TODAY()-F6) | I6: =IF(OR(B6="",D6=""),"",D6*VLOOKUP(B6,Lookup!$A$2:$B$5,2,FALSE)) | J6: =IF(OR(I6="",E6=""),"",I6*E6)
E7: =IF(C7="","",VLOOKUP(C7,Lookup!$D$2:$E$6,2,FALSE)) | G7: =IF(F7="","",TODAY()-F7) | I7: =IF(OR(B7="",D7=""),"",D7*VLOOKUP(B7,Lookup!$A$2:$B$5,2,FALSE)) | J7: =IF(OR(I7="",E7=""),"",I7*E7)
E8: =IF(C8="","",VLOOKUP(C8,Lookup!$D$2:$E$6,2,FALSE)) | G8: =IF(F8="","",TODAY()-F8) | I8: =IF(OR(B8="",D8=""),"",D8*VLOOKUP(B8,Lookup!$A$2:$B$5,2,FALSE)) | J8: =IF(OR(I8="",E8=""),"",I8*E8)
E9: =IF(C9="","",VLOOKUP(C9,Lookup!$D$2:$E$6,2,FALSE)) | G9: =IF(F9="","",TODAY()-F9) | I9: =IF(OR(B9="",D9=""),"",D9*VLOOKUP(B9,Lookup!$A$2:$B$5,2,FALSE)) | J9: =IF(OR(I9="",E9=""),"",I9*E9)
E10: =IF(C10="","",VLOOKUP(C10,Lookup!$D$2:$E$6,2,FALSE)) | G10: =IF(F10="","",TODAY()-F10) | I10: =IF(OR(B10="",D10=""),"",D10*VLOOKUP(B10,Lookup!$A$2:$B$5,2,FALSE)) | J10: =IF(OR(I10="",E10=""),"",I10*E10)
E11: =IF(C11="","",VLOOKUP(C11,Lookup!$D$2:$E$6,2,FALSE)) | G11: =IF(F11="","",TODAY()-F11) | I11: =IF(OR(B11="",D11=""),"",D11*VLOOKUP(B11,Lookup!$A$2:$B$5,2,FALSE)) | J11: =IF(OR(I11="",E11=""),"",I11*E11)
E12: =IF(C12="","",VLOOKUP(C12,Lookup!$D$2:$E$6,2,FALSE)) | G12: =IF(F12="","",TODAY()-F12) | I12: =IF(OR(B12="",D12=""),"",D12*VLOOKUP(B12,Lookup!$A$2:$B$5,2,FALSE)) | J12: =IF(OR(I12="",E12=""),"",I12*E12)
E13: =IF(C13="","",VLOOKUP(C13,Lookup!$D$2:$E$6,2,FALSE)) | G13: =IF(F13="","",TODAY()-F13) | I13: =IF(OR(B13="",D13=""),"",D13*VLOOKUP(B13,Lookup!$A$2:$B$5,2,FALSE)) | J13: =IF(OR(I13="",E13=""),"",I13*E13)
E14: =IF(C14="","",VLOOKUP(C14,Lookup!$D$2:$E$6,2,FALSE)) | G14: =IF(F14="","",TODAY()-F14) | I14: =IF(OR(B14="",D14=""),"",D14*VLOOKUP(B14,Lookup!$A$2:$B$5,2,FALSE)) | J14: =IF(OR(I14="",E14=""),"",I14*E14)
... E32: =IF(C32="","",VLOOKUP(C32,Lookup!$D$2:$E$6,2,FALSE)) | G32: =IF(F32="","",TODAY()-F32) | I32: =IF(OR(B32="",D32=""),"",D32*VLOOKUP(B32,Lookup!$A$2:$B$5,2,FALSE)) | J32: =IF(OR(I32="",E32=""),"",I32*E32)

Sheet A. Tran
A1: A. Tran · Houston · Pipeline
A2: Customer | B2: Product | C2: Stage | D2: Amount ($) | E2: Probability | F2: Date Entered Stage | G2: Days in Stage | H2: Expected Close | I2: Annual Rev ($) | J2: Weighted Rev ($) | K2: Notes
E3: =IF(C3="","",VLOOKUP(C3,Lookup!$D$2:$E$6,2,FALSE)) | G3: =IF(F3="","",TODAY()-F3) | I3: =IF(OR(B3="",D3=""),"",D3*VLOOKUP(B3,Lookup!$A$2:$B$5,2,FALSE)) | J3: =IF(OR(I3="",E3=""),"",I3*E3)
E4: =IF(C4="","",VLOOKUP(C4,Lookup!$D$2:$E$6,2,FALSE)) | G4: =IF(F4="","",TODAY()-F4) | I4: =IF(OR(B4="",D4=""),"",D4*VLOOKUP(B4,Lookup!$A$2:$B$5,2,FALSE)) | J4: =IF(OR(I4="",E4=""),"",I4*E4)
E5: =IF(C5="","",VLOOKUP(C5,Lookup!$D$2:$E$6,2,FALSE)) | G5: =IF(F5="","",TODAY()-F5) | I5: =IF(OR(B5="",D5=""),"",D5*VLOOKUP(B5,Lookup!$A$2:$B$5,2,FALSE)) | J5: =IF(OR(I5="",E5=""),"",I5*E5)
E6: =IF(C6="","",VLOOKUP(C6,Lookup!$D$2:$E$6,2,FALSE)) | G6: =IF(F6="","",TODAY()-F6) | I6: =IF(OR(B6="",D6=""),"",D6*VLOOKUP(B6,Lookup!$A$2:$B$5,2,FALSE)) | J6: =IF(OR(I6="",E6=""),"",I6*E6)
E7: =IF(C7="","",VLOOKUP(C7,Lookup!$D$2:$E$6,2,FALSE)) | G7: =IF(F7="","",TODAY()-F7) | I7: =IF(OR(B7="",D7=""),"",D7*VLOOKUP(B7,Lookup!$A$2:$B$5,2,FALSE)) | J7: =IF(OR(I7="",E7=""),"",I7*E7)
E8: =IF(C8="","",VLOOKUP(C8,Lookup!$D$2:$E$6,2,FALSE)) | G8: =IF(F8="","",TODAY()-F8) | I8: =IF(OR(B8="",D8=""),"",D8*VLOOKUP(B8,Lookup!$A$2:$B$5,2,FALSE)) | J8: =IF(OR(I8="",E8=""),"",I8*E8)
E9: =IF(C9="","",VLOOKUP(C9,Lookup!$D$2:$E$6,2,FALSE)) | G9: =IF(F9="","",TODAY()-F9) | I9: =IF(OR(B9="",D9=""),"",D9*VLOOKUP(B9,Lookup!$A$2:$B$5,2,FALSE)) | J9: =IF(OR(I9="",E9=""),"",I9*E9)
E10: =IF(C10="","",VLOOKUP(C10,Lookup!$D$2:$E$6,2,FALSE)) | G10: =IF(F10="","",TODAY()-F10) | I10: =IF(OR(B10="",D10=""),"",D10*VLOOKUP(B10,Lookup!$A$2:$B$5,2,FALSE)) | J10: =IF(OR(I10="",E10=""),"",I10*E10)
E11: =IF(C11="","",VLOOKUP(C11,Lookup!$D$2:$E$6,2,FALSE)) | G11: =IF(F11="","",TODAY()-F11) | I11: =IF(OR(B11="",D11=""),"",D11*VLOOKUP(B11,Lookup!$A$2:$B$5,2,FALSE)) | J11: =IF(OR(I11="",E11=""),"",I11*E11)
E12: =IF(C12="","",VLOOKUP(C12,Lookup!$D$2:$E$6,2,FALSE)) | G12: =IF(F12="","",TODAY()-F12) | I12: =IF(OR(B12="",D12=""),"",D12*VLOOKUP(B12,Lookup!$A$2:$B$5,2,FALSE)) | J12: =IF(OR(I12="",E12=""),"",I12*E12)
E13: =IF(C13="","",VLOOKUP(C13,Lookup!$D$2:$E$6,2,FALSE)) | G13: =IF(F13="","",TODAY()-F13) | I13: =IF(OR(B13="",D13=""),"",D13*VLOOKUP(B13,Lookup!$A$2:$B$5,2,FALSE)) | J13: =IF(OR(I13="",E13=""),"",I13*E13)
E14: =IF(C14="","",VLOOKUP(C14,Lookup!$D$2:$E$6,2,FALSE)) | G14: =IF(F14="","",TODAY()-F14) | I14: =IF(OR(B14="",D14=""),"",D14*VLOOKUP(B14,Lookup!$A$2:$B$5,2,FALSE)) | J14: =IF(OR(I14="",E14=""),"",I14*E14)
... E32: =IF(C32="","",VLOOKUP(C32,Lookup!$D$2:$E$6,2,FALSE)) | G32: =IF(F32="","",TODAY()-F32) | I32: =IF(OR(B32="",D32=""),"",D32*VLOOKUP(B32,Lookup!$A$2:$B$5,2,FALSE)) | J32: =IF(OR(I32="",E32=""),"",I32*E32)

Sheet K. Williams
A1: K. Williams · Houston · Pipeline
A2: Customer | B2: Product | C2: Stage | D2: Amount ($) | E2: Probability | F2: Date Entered Stage | G2: Days in Stage | H2: Expected Close | I2: Annual Rev ($) | J2: Weighted Rev ($) | K2: Notes
E3: =IF(C3="","",VLOOKUP(C3,Lookup!$D$2:$E$6,2,FALSE)) | G3: =IF(F3="","",TODAY()-F3) | I3: =IF(OR(B3="",D3=""),"",D3*VLOOKUP(B3,Lookup!$A$2:$B$5,2,FALSE)) | J3: =IF(OR(I3="",E3=""),"",I3*E3)
E4: =IF(C4="","",VLOOKUP(C4,Lookup!$D$2:$E$6,2,FALSE)) | G4: =IF(F4="","",TODAY()-F4) | I4: =IF(OR(B4="",D4=""),"",D4*VLOOKUP(B4,Lookup!$A$2:$B$5,2,FALSE)) | J4: =IF(OR(I4="",E4=""),"",I4*E4)
E5: =IF(C5="","",VLOOKUP(C5,Lookup!$D$2:$E$6,2,FALSE)) | G5: =IF(F5="","",TODAY()-F5) | I5: =IF(OR(B5="",D5=""),"",D5*VLOOKUP(B5,Lookup!$A$2:$B$5,2,FALSE)) | J5: =IF(OR(I5="",E5=""),"",I5*E5)
E6: =IF(C6="","",VLOOKUP(C6,Lookup!$D$2:$E$6,2,FALSE)) | G6: =IF(F6="","",TODAY()-F6) | I6: =IF(OR(B6="",D6=""),"",D6*VLOOKUP(B6,Lookup!$A$2:$B$5,2,FALSE)) | J6: =IF(OR(I6="",E6=""),"",I6*E6)
E7: =IF(C7="","",VLOOKUP(C7,Lookup!$D$2:$E$6,2,FALSE)) | G7: =IF(F7="","",TODAY()-F7) | I7: =IF(OR(B7="",D7=""),"",D7*VLOOKUP(B7,Lookup!$A$2:$B$5,2,FALSE)) | J7: =IF(OR(I7="",E7=""),"",I7*E7)
E8: =IF(C8="","",VLOOKUP(C8,Lookup!$D$2:$E$6,2,FALSE)) | G8: =IF(F8="","",TODAY()-F8) | I8: =IF(OR(B8="",D8=""),"",D8*VLOOKUP(B8,Lookup!$A$2:$B$5,2,FALSE)) | J8: =IF(OR(I8="",E8=""),"",I8*E8)
E9: =IF(C9="","",VLOOKUP(C9,Lookup!$D$2:$E$6,2,FALSE)) | G9: =IF(F9="","",TODAY()-F9) | I9: =IF(OR(B9="",D9=""),"",D9*VLOOKUP(B9,Lookup!$A$2:$B$5,2,FALSE)) | J9: =IF(OR(I9="",E9=""),"",I9*E9)
E10: =IF(C10="","",VLOOKUP(C10,Lookup!$D$2:$E$6,2,FALSE)) | G10: =IF(F10="","",TODAY()-F10) | I10: =IF(OR(B10="",D10=""),"",D10*VLOOKUP(B10,Lookup!$A$2:$B$5,2,FALSE)) | J10: =IF(OR(I10="",E10=""),"",I10*E10)
E11: =IF(C11="","",VLOOKUP(C11,Lookup!$D$2:$E$6,2,FALSE)) | G11: =IF(F11="","",TODAY()-F11) | I11: =IF(OR(B11="",D11=""),"",D11*VLOOKUP(B11,Lookup!$A$2:$B$5,2,FALSE)) | J11: =IF(OR(I11="",E11=""),"",I11*E11)
E12: =IF(C12="","",VLOOKUP(C12,Lookup!$D$2:$E$6,2,FALSE)) | G12: =IF(F12="","",TODAY()-F12) | I12: =IF(OR(B12="",D12=""),"",D12*VLOOKUP(B12,Lookup!$A$2:$B$5,2,FALSE)) | J12: =IF(OR(I12="",E12=""),"",I12*E12)
E13: =IF(C13="","",VLOOKUP(C13,Lookup!$D$2:$E$6,2,FALSE)) | G13: =IF(F13="","",TODAY()-F13) | I13: =IF(OR(B13="",D13=""),"",D13*VLOOKUP(B13,Lookup!$A$2:$B$5,2,FALSE)) | J13: =IF(OR(I13="",E13=""),"",I13*E13)
E14: =IF(C14="","",VLOOKUP(C14,Lookup!$D$2:$E$6,2,FALSE)) | G14: =IF(F14="","",TODAY()-F14) | I14: =IF(OR(B14="",D14=""),"",D14*VLOOKUP(B14,Lookup!$A$2:$B$5,2,FALSE)) | J14: =IF(OR(I14="",E14=""),"",I14*E14)
... E32: =IF(C32="","",VLOOKUP(C32,Lookup!$D$2:$E$6,2,FALSE)) | G32: =IF(F32="","",TODAY()-F32) | I32: =IF(OR(B32="",D32=""),"",D32*VLOOKUP(B32,Lookup!$A$2:$B$5,2,FALSE)) | J32: =IF(OR(I32="",E32=""),"",I32*E32)

Sheet R. Chen
A1: R. Chen · Dallas · Pipeline
A2: Customer | B2: Product | C2: Stage | D2: Amount ($) | E2: Probability | F2: Date Entered Stage | G2: Days in Stage | H2: Expected Close | I2: Annual Rev ($) | J2: Weighted Rev ($) | K2: Notes
E3: =IF(C3="","",VLOOKUP(C3,Lookup!$D$2:$E$6,2,FALSE)) | G3: =IF(F3="","",TODAY()-F3) | I3: =IF(OR(B3="",D3=""),"",D3*VLOOKUP(B3,Lookup!$A$2:$B$5,2,FALSE)) | J3: =IF(OR(I3="",E3=""),"",I3*E3)
E4: =IF(C4="","",VLOOKUP(C4,Lookup!$D$2:$E$6,2,FALSE)) | G4: =IF(F4="","",TODAY()-F4) | I4: =IF(OR(B4="",D4=""),"",D4*VLOOKUP(B4,Lookup!$A$2:$B$5,2,FALSE)) | J4: =IF(OR(I4="",E4=""),"",I4*E4)
E5: =IF(C5="","",VLOOKUP(C5,Lookup!$D$2:$E$6,2,FALSE)) | G5: =IF(F5="","",TODAY()-F5) | I5: =IF(OR(B5="",D5=""),"",D5*VLOOKUP(B5,Lookup!$A$2:$B$5,2,FALSE)) | J5: =IF(OR(I5="",E5=""),"",I5*E5)
E6: =IF(C6="","",VLOOKUP(C6,Lookup!$D$2:$E$6,2,FALSE)) | G6: =IF(F6="","",TODAY()-F6) | I6: =IF(OR(B6="",D6=""),"",D6*VLOOKUP(B6,Lookup!$A$2:$B$5,2,FALSE)) | J6: =IF(OR(I6="",E6=""),"",I6*E6)
E7: =IF(C7="","",VLOOKUP(C7,Lookup!$D$2:$E$6,2,FALSE)) | G7: =IF(F7="","",TODAY()-F7) | I7: =IF(OR(B7="",D7=""),"",D7*VLOOKUP(B7,Lookup!$A$2:$B$5,2,FALSE)) | J7: =IF(OR(I7="",E7=""),"",I7*E7)
E8: =IF(C8="","",VLOOKUP(C8,Lookup!$D$2:$E$6,2,FALSE)) | G8: =IF(F8="","",TODAY()-F8) | I8: =IF(OR(B8="",D8=""),"",D8*VLOOKUP(B8,Lookup!$A$2:$B$5,2,FALSE)) | J8: =IF(OR(I8="",E8=""),"",I8*E8)
E9: =IF(C9="","",VLOOKUP(C9,Lookup!$D$2:$E$6,2,FALSE)) | G9: =IF(F9="","",TODAY()-F9) | I9: =IF(OR(B9="",D9=""),"",D9*VLOOKUP(B9,Lookup!$A$2:$B$5,2,FALSE)) | J9: =IF(OR(I9="",E9=""),"",I9*E9)
E10: =IF(C10="","",VLOOKUP(C10,Lookup!$D$2:$E$6,2,FALSE)) | G10: =IF(F10="","",TODAY()-F10) | I10: =IF(OR(B10="",D10=""),"",D10*VLOOKUP(B10,Lookup!$A$2:$B$5,2,FALSE)) | J10: =IF(OR(I10="",E10=""),"",I10*E10)
E11: =IF(C11="","",VLOOKUP(C11,Lookup!$D$2:$E$6,2,FALSE)) | G11: =IF(F11="","",TODAY()-F11) | I11: =IF(OR(B11="",D11=""),"",D11*VLOOKUP(B11,Lookup!$A$2:$B$5,2,FALSE)) | J11: =IF(OR(I11="",E11=""),"",I11*E11)
E12: =IF(C12="","",VLOOKUP(C12,Lookup!$D$2:$E$6,2,FALSE)) | G12: =IF(F12="","",TODAY()-F12) | I12: =IF(OR(B12="",D12=""),"",D12*VLOOKUP(B12,Lookup!$A$2:$B$5,2,FALSE)) | J12: =IF(OR(I12="",E12=""),"",I12*E12)
E13: =IF(C13="","",VLOOKUP(C13,Lookup!$D$2:$E$6,2,FALSE)) | G13: =IF(F13="","",TODAY()-F13) | I13: =IF(OR(B13="",D13=""),"",D13*VLOOKUP(B13,Lookup!$A$2:$B$5,2,FALSE)) | J13: =IF(OR(I13="",E13=""),"",I13*E13)
E14: =IF(C14="","",VLOOKUP(C14,Lookup!$D$2:$E$6,2,FALSE)) | G14: =IF(F14="","",TODAY()-F14) | I14: =IF(OR(B14="",D14=""),"",D14*VLOOKUP(B14,Lookup!$A$2:$B$5,2,FALSE)) | J14: =IF(OR(I14="",E14=""),"",I14*E14)
... E32: =IF(C32="","",VLOOKUP(C32,Lookup!$D$2:$E$6,2,FALSE)) | G32: =IF(F32="","",TODAY()-F32) | I32: =IF(OR(B32="",D32=""),"",D32*VLOOKUP(B32,Lookup!$A$2:$B$5,2,FALSE)) | J32: =IF(OR(I32="",E32=""),"",I32*E32)

Sheet S. Garcia
A1: S. Garcia · Dallas · Pipeline
A2: Customer | B2: Product | C2: Stage | D2: Amount ($) | E2: Probability | F2: Date Entered Stage | G2: Days in Stage | H2: Expected Close | I2: Annual Rev ($) | J2: Weighted Rev ($) | K2: Notes
E3: =IF(C3="","",VLOOKUP(C3,Lookup!$D$2:$E$6,2,FALSE)) | G3: =IF(F3="","",TODAY()-F3) | I3: =IF(OR(B3="",D3=""),"",D3*VLOOKUP(B3,Lookup!$A$2:$B$5,2,FALSE)) | J3: =IF(OR(I3="",E3=""),"",I3*E3)
E4: =IF(C4="","",VLOOKUP(C4,Lookup!$D$2:$E$6,2,FALSE)) | G4: =IF(F4="","",TODAY()-F4) | I4: =IF(OR(B4="",D4=""),"",D4*VLOOKUP(B4,Lookup!$A$2:$B$5,2,FALSE)) | J4: =IF(OR(I4="",E4=""),"",I4*E4)
E5: =IF(C5="","",VLOOKUP(C5,Lookup!$D$2:$E$6,2,FALSE)) | G5: =IF(F5="","",TODAY()-F5) | I5: =IF(OR(B5="",D5=""),"",D5*VLOOKUP(B5,Lookup!$A$2:$B$5,2,FALSE)) | J5: =IF(OR(I5="",E5=""),"",I5*E5)
E6: =IF(C6="","",VLOOKUP(C6,Lookup!$D$2:$E$6,2,FALSE)) | G6: =IF(F6="","",TODAY()-F6) | I6: =IF(OR(B6="",D6=""),"",D6*VLOOKUP(B6,Lookup!$A$2:$B$5,2,FALSE)) | J6: =IF(OR(I6="",E6=""),"",I6*E6)
E7: =IF(C7="","",VLOOKUP(C7,Lookup!$D$2:$E$6,2,FALSE)) | G7: =IF(F7="","",TODAY()-F7) | I7: =IF(OR(B7="",D7=""),"",D7*VLOOKUP(B7,Lookup!$A$2:$B$5,2,FALSE)) | J7: =IF(OR(I7="",E7=""),"",I7*E7)
E8: =IF(C8="","",VLOOKUP(C8,Lookup!$D$2:$E$6,2,FALSE)) | G8: =IF(F8="","",TODAY()-F8) | I8: =IF(OR(B8="",D8=""),"",D8*VLOOKUP(B8,Lookup!$A$2:$B$5,2,FALSE)) | J8: =IF(OR(I8="",E8=""),"",I8*E8)
E9: =IF(C9="","",VLOOKUP(C9,Lookup!$D$2:$E$6,2,FALSE)) | G9: =IF(F9="","",TODAY()-F9) | I9: =IF(OR(B9="",D9=""),"",D9*VLOOKUP(B9,Lookup!$A$2:$B$5,2,FALSE)) | J9: =IF(OR(I9="",E9=""),"",I9*E9)
E10: =IF(C10="","",VLOOKUP(C10,Lookup!$D$2:$E$6,2,FALSE)) | G10: =IF(F10="","",TODAY()-F10) | I10: =IF(OR(B10="",D10=""),"",D10*VLOOKUP(B10,Lookup!$A$2:$B$5,2,FALSE)) | J10: =IF(OR(I10="",E10=""),"",I10*E10)
E11: =IF(C11="","",VLOOKUP(C11,Lookup!$D$2:$E$6,2,FALSE)) | G11: =IF(F11="","",TODAY()-F11) | I11: =IF(OR(B11="",D11=""),"",D11*VLOOKUP(B11,Lookup!$A$2:$B$5,2,FALSE)) | J11: =IF(OR(I11="",E11=""),"",I11*E11)
E12: =IF(C12="","",VLOOKUP(C12,Lookup!$D$2:$E$6,2,FALSE)) | G12: =IF(F12="","",TODAY()-F12) | I12: =IF(OR(B12="",D12=""),"",D12*VLOOKUP(B12,Lookup!$A$2:$B$5,2,FALSE)) | J12: =IF(OR(I12="",E12=""),"",I12*E12)
E13: =IF(C13="","",VLOOKUP(C13,Lookup!$D$2:$E$6,2,FALSE)) | G13: =IF(F13="","",TODAY()-F13) | I13: =IF(OR(B13="",D13=""),"",D13*VLOOKUP(B13,Lookup!$A$2:$B$5,2,FALSE)) | J13: =IF(OR(I13="",E13=""),"",I13*E13)
E14: =IF(C14="","",VLOOKUP(C14,Lookup!$D$2:$E$6,2,FALSE)) | G14: =IF(F14="","",TODAY()-F14) | I14: =IF(OR(B14="",D14=""),"",D14*VLOOKUP(B14,Lookup!$A$2:$B$5,2,FALSE)) | J14: =IF(OR(I14="",E14=""),"",I14*E14)
... E32: =IF(C32="","",VLOOKUP(C32,Lookup!$D$2:$E$6,2,FALSE)) | G32: =IF(F32="","",TODAY()-F32) | I32: =IF(OR(B32="",D32=""),"",D32*VLOOKUP(B32,Lookup!$A$2:$B$5,2,FALSE)) | J32: =IF(OR(I32="",E32=""),"",I32*E32)

Sheet B. Foster
A1: B. Foster · Dallas · Pipeline
A2: Customer | B2: Product | C2: Stage | D2: Amount ($) | E2: Probability | F2: Date Entered Stage | G2: Days in Stage | H2: Expected Close | I2: Annual Rev ($) | J2: Weighted Rev ($) | K2: Notes
E3: =IF(C3="","",VLOOKUP(C3,Lookup!$D$2:$E$6,2,FALSE)) | G3: =IF(F3="","",TODAY()-F3) | I3: =IF(OR(B3="",D3=""),"",D3*VLOOKUP(B3,Lookup!$A$2:$B$5,2,FALSE)) | J3: =IF(OR(I3="",E3=""),"",I3*E3)
E4: =IF(C4="","",VLOOKUP(C4,Lookup!$D$2:$E$6,2,FALSE)) | G4: =IF(F4="","",TODAY()-F4) | I4: =IF(OR(B4="",D4=""),"",D4*VLOOKUP(B4,Lookup!$A$2:$B$5,2,FALSE)) | J4: =IF(OR(I4="",E4=""),"",I4*E4)
E5: =IF(C5="","",VLOOKUP(C5,Lookup!$D$2:$E$6,2,FALSE)) | G5: =IF(F5="","",TODAY()-F5) | I5: =IF(OR(B5="",D5=""),"",D5*VLOOKUP(B5,Lookup!$A$2:$B$5,2,FALSE)) | J5: =IF(OR(I5="",E5=""),"",I5*E5)
E6: =IF(C6="","",VLOOKUP(C6,Lookup!$D$2:$E$6,2,FALSE)) | G6: =IF(F6="","",TODAY()-F6) | I6: =IF(OR(B6="",D6=""),"",D6*VLOOKUP(B6,Lookup!$A$2:$B$5,2,FALSE)) | J6: =IF(OR(I6="",E6=""),"",I6*E6)
E7: =IF(C7="","",VLOOKUP(C7,Lookup!$D$2:$E$6,2,FALSE)) | G7: =IF(F7="","",TODAY()-F7) | I7: =IF(OR(B7="",D7=""),"",D7*VLOOKUP(B7,Lookup!$A$2:$B$5,2,FALSE)) | J7: =IF(OR(I7="",E7=""),"",I7*E7)
E8: =IF(C8="","",VLOOKUP(C8,Lookup!$D$2:$E$6,2,FALSE)) | G8: =IF(F8="","",TODAY()-F8) | I8: =IF(OR(B8="",D8=""),"",D8*VLOOKUP(B8,Lookup!$A$2:$B$5,2,FALSE)) | J8: =IF(OR(I8="",E8=""),"",I8*E8)
E9: =IF(C9="","",VLOOKUP(C9,Lookup!$D$2:$E$6,2,FALSE)) | G9: =IF(F9="","",TODAY()-F9) | I9: =IF(OR(B9="",D9=""),"",D9*VLOOKUP(B9,Lookup!$A$2:$B$5,2,FALSE)) | J9: =IF(OR(I9="",E9=""),"",I9*E9)
E10: =IF(C10="","",VLOOKUP(C10,Lookup!$D$2:$E$6,2,FALSE)) | G10: =IF(F10="","",TODAY()-F10) | I10: =IF(OR(B10="",D10=""),"",D10*VLOOKUP(B10,Lookup!$A$2:$B$5,2,FALSE)) | J10: =IF(OR(I10="",E10=""),"",I10*E10)
E11: =IF(C11="","",VLOOKUP(C11,Lookup!$D$2:$E$6,2,FALSE)) | G11: =IF(F11="","",TODAY()-F11) | I11: =IF(OR(B11="",D11=""),"",D11*VLOOKUP(B11,Lookup!$A$2:$B$5,2,FALSE)) | J11: =IF(OR(I11="",E11=""),"",I11*E11)
E12: =IF(C12="","",VLOOKUP(C12,Lookup!$D$2:$E$6,2,FALSE)) | G12: =IF(F12="","",TODAY()-F12) | I12: =IF(OR(B12="",D12=""),"",D12*VLOOKUP(B12,Lookup!$A$2:$B$5,2,FALSE)) | J12: =IF(OR(I12="",E12=""),"",I12*E12)
E13: =IF(C13="","",VLOOKUP(C13,Lookup!$D$2:$E$6,2,FALSE)) | G13: =IF(F13="","",TODAY()-F13) | I13: =IF(OR(B13="",D13=""),"",D13*VLOOKUP(B13,Lookup!$A$2:$B$5,2,FALSE)) | J13: =IF(OR(I13="",E13=""),"",I13*E13)
E14: =IF(C14="","",VLOOKUP(C14,Lookup!$D$2:$E$6,2,FALSE)) | G14: =IF(F14="","",TODAY()-F14) | I14: =IF(OR(B14="",D14=""),"",D14*VLOOKUP(B14,Lookup!$A$2:$B$5,2,FALSE)) | J14: =IF(OR(I14="",E14=""),"",I14*E14)
... E32: =IF(C32="","",VLOOKUP(C32,Lookup!$D$2:$E$6,2,FALSE)) | G32: =IF(F32="","",TODAY()-F32) | I32: =IF(OR(B32="",D32=""),"",D32*VLOOKUP(B32,Lookup!$A$2:$B$5,2,FALSE)) | J32: =IF(OR(I32="",E32=""),"",I32*E32)

Sheet Lookup
A1: Product | B1: Spread | D1: Stage | E1: Probability | G1: RMs | H1: Market
A2: Comm Loan | B2: 0.034 | D2: Lead | E2: 0.1 | G2: M. Reyes | H2: Houston
A3: Deposits | B3: 0.005 | D3: Qualified | E3: 0.25 | G3: D. Patel | H3: Houston
A4: Treasury Mgmt | B4: 1 | D4: Proposal | E4: 0.5 | G4: A. Tran | H4: Houston
A5: Other Fees | B5: 1 | D5: Commit | E5: 0.8 | G5: K. Williams | H5: Houston
D6: Closed | E6: 1 | G6: R. Chen | H6: Dallas
G7: S. Garcia | H7: Dallas
G8: B. Foster | H8: Dallas
